{
  "HTTP Request-1" : {
    "transaction" : "HTTP Request-1",
    "sampleCount" : 20,
    "errorCount" : 0,
    "errorPct" : 0.0,
    "meanResTime" : 4941.500000000001,
    "medianResTime" : 4973.5,
    "minResTime" : 1546.0,
    "maxResTime" : 7147.0,
    "pct1ResTime" : 7021.500000000001,
    "pct2ResTime" : 7142.75,
    "pct3ResTime" : 7147.0,
    "throughput" : 1.1785503830288744,
    "receivedKBytesPerSec" : 443.1899008360342,
    "sentKBytesPerSec" : 0.2048652032999411
  },
  "Total" : {
    "transaction" : "Total",
    "sampleCount" : 70,
    "errorCount" : 0,
    "errorPct" : 0.0,
    "meanResTime" : 3670.7285714285713,
    "medianResTime" : 4443.5,
    "minResTime" : 92.0,
    "maxResTime" : 7648.0,
    "pct1ResTime" : 6632.0,
    "pct2ResTime" : 7220.8,
    "pct3ResTime" : 7648.0,
    "throughput" : 4.064568575078388,
    "receivedKBytesPerSec" : 1095.3384025519683,
    "sentKBytesPerSec" : 0.8766494164440831
  },
  "HTTP Request-0" : {
    "transaction" : "HTTP Request-0",
    "sampleCount" : 20,
    "errorCount" : 0,
    "errorPct" : 0.0,
    "meanResTime" : 179.55,
    "medianResTime" : 181.5,
    "minResTime" : 92.0,
    "maxResTime" : 264.0,
    "pct1ResTime" : 261.3,
    "pct2ResTime" : 263.9,
    "pct3ResTime" : 264.0,
    "throughput" : 1.2759170653907497,
    "receivedKBytesPerSec" : 0.8223684210526315,
    "sentKBytesPerSec" : 0.21680622009569378
  },
  "HTTP Request" : {
    "transaction" : "HTTP Request",
    "sampleCount" : 30,
    "errorCount" : 0,
    "errorPct" : 0.0,
    "meanResTime" : 5151.0,
    "medianResTime" : 5097.0,
    "minResTime" : 1659.0,
    "maxResTime" : 7648.0,
    "pct1ResTime" : 7268.600000000001,
    "pct2ResTime" : 7513.25,
    "pct3ResTime" : 7648.0,
    "throughput" : 1.7419579607478808,
    "receivedKBytesPerSec" : 657.8849568321042,
    "sentKBytesPerSec" : 0.47745071710602716
  }
}